date,username,uuid,rank,daysLastJoined,playtime,wars,graids,lootruns,raids,totalLevel,contentCompletion,lastJoined
2026-03-30T22:00:54.432169Z,Nqn,a8e5c7c3-444f-4436-b69f-a8db58cdf40d,OWNER,0.05,310.91,13.0,97.0,3.0,272.0,1260.0,655.0,2026-03-30T20:55:03.997000Z
2026-03-30T22:00:54.432169Z,Tisumi,91be9a75-7398-47e0-8c4d-f79df2fc035f,CHIEF,0.0,364.16,88.0,205.0,0.0,794.0,503.0,359.0,2026-03-30T21:57:41.173000Z
2026-03-30T22:00:54.432169Z,_N8,5652732f-e36b-4ca4-87ca-59f9c6dc3ba1,CHIEF,0.6,104.67,71.0,5.0,1.0,13.0,548.0,306.0,2026-03-30T07:37:21.564000Z
2026-03-30T22:00:54.432169Z,GigaFanDeJul,0a19dd60-254e-4c48-9d76-1b57a2f12c7f,CHIEF,21.0,2.16,0.0,0.0,0.0,0.0,0.0,0.0,2026-03-09T21:57:56.861000Z
2026-03-30T22:00:54.432169Z,clohi,1b6568dd-4e58-442f-918f-90926f58de0c,CHIEF,0.11,122.92,0.0,61.0,2.0,82.0,166.0,130.0,2026-03-30T19:17:32.055000Z
2026-03-30T22:00:54.432169Z,Krijer1,4a82c3ac-be5d-4115-a822-f2a9c7bdb096,CHIEF,0.03,109.83,0.0,49.0,0.0,76.0,654.0,157.0,2026-03-30T21:21:30.519000Z
2026-03-30T22:00:54.432169Z,Shivnitzl19,bd5c1697-4d42-41dd-a4f2-2c8a3a669104,CHIEF,0.91,23.33,0.0,3.0,0.0,3.0,34.0,150.0,2026-03-30T00:04:15.178000Z
2026-03-30T22:00:54.432169Z,Xentell,1a3f6b2a-993b-49ed-8542-7584081864b6,CHIEF,4.68,4.16,0.0,0.0,0.0,0.0,0.0,0.0,2026-03-26T05:40:07.153000Z
2026-03-30T22:00:54.432169Z,ewenfi,89cdeb83-0958-4563-a606-0a460e13abfa,CHIEF,15.3,0.42,0.0,0.0,0.0,0.0,0.0,0.0,2026-03-15T14:49:57.456000Z
2026-03-30T22:00:54.432169Z,H1V,845eed02-175a-44b4-87a2-0228b1fbc3ee,CHIEF,0.87,71.17,0.0,83.0,0.0,105.0,1.0,2.0,2026-03-30T01:09:22.196000Z
2026-03-30T22:00:54.432169Z,KirouXD,4470c807-1394-4930-937d-1680d508d22d,CHIEF,22.28,17.75,0.0,0.0,0.0,0.0,143.0,4.0,2026-03-08T15:19:03.061000Z
2026-03-30T22:00:54.432169Z,Chevacchi,eb33d516-a34b-4050-bd2c-69a24bf0bd75,CHIEF,0.12,164.25,303.0,19.0,0.0,17.0,0.0,78.0,2026-03-30T19:10:18.880000Z
2026-03-30T22:00:54.432169Z,_Snoopers_,130612b6-1d46-49c7-b06e-3200959254c7,STRATEGIST,0.7,54.66,0.0,34.0,0.0,53.0,76.0,139.0,2026-03-30T05:13:24.543000Z
2026-03-30T22:00:54.432169Z,LaserX,a8ff0b79-9511-47b7-8705-b657eba980aa,STRATEGIST,14.14,0.58,0.0,0.0,0.0,0.0,0.0,0.0,2026-03-16T18:37:10.414000Z
2026-03-30T22:00:54.432169Z,WhiteNoise0113,f46a3aa1-ed18-48f4-bcf9-594e0ff19842,STRATEGIST,14.94,2.16,10.0,0.0,0.0,0.0,0.0,15.0,2026-03-15T23:23:17.037000Z
2026-03-30T22:00:54.432169Z,StyNath,c32bfbf5-9665-4ad1-837e-92fa882288a3,STRATEGIST,0.03,35.17,0.0,9.0,0.0,13.0,282.0,221.0,2026-03-30T21:13:53.123000Z
2026-03-30T22:00:54.432169Z,kcsato,ce2fc852-9b0e-41d2-a323-603be70f5b69,STRATEGIST,15.4,0.25,0.0,0.0,0.0,0.0,0.0,0.0,2026-03-15T12:18:20.467000Z
2026-03-30T22:00:54.432169Z,imNaphy,9604c081-52b1-4224-8107-b00885644c84,STRATEGIST,7.29,6.08,0.0,0.0,0.0,0.0,4.0,61.0,2026-03-23T14:56:28.955000Z
2026-03-30T22:00:54.432169Z,FireGamingDK,96512a2a-4200-463e-8974-27a4c81947cd,STRATEGIST,0.03,9.0,0.0,0.0,0.0,0.0,94.0,22.0,2026-03-30T21:21:00.885000Z
2026-03-30T22:00:54.432169Z,Lliseron,fdaac6c6-88b2-437a-b923-44d14d0841f6,STRATEGIST,0.97,23.5,1.0,0.0,0.0,0.0,562.0,87.0,2026-03-21T21:02:18.768000Z
2026-03-30T22:00:54.432169Z,xEagless,a27ae078-8209-4c2e-85ea-57de6168cc9b,CAPTAIN,0.0,67.25,0.0,0.0,3.0,10.0,145.0,467.0,2026-03-30T21:58:07.585000Z
2026-03-30T22:00:54.432169Z,WynnDestroyer,81c0cf7a-43f9-4aaf-8783-4953970e394d,CAPTAIN,30.6,0.0,0.0,0.0,0.0,0.0,0.0,0.0,2026-02-28T07:37:02.839000Z
2026-03-30T22:00:54.432169Z,cresseliah,b7d4a9f2-73ba-47b6-bc7c-d8db98ad6a2e,CAPTAIN,7.98,17.0,0.0,0.0,0.0,0.0,18.0,10.0,2026-03-22T22:33:13.724000Z
2026-03-30T22:00:54.432169Z,MoondustPeachy,06793d89-e8ea-4ec2-aa55-4c5f03b93026,CAPTAIN,0.0,105.59,4.0,72.0,0.0,139.0,256.0,282.0,2026-03-30T21:57:50.996000Z
2026-03-30T22:00:54.432169Z,ddxWeCraft,d680883b-e7b2-4bfc-bad7-79372d97c60d,STRATEGIST,0.0,335.0,28.0,129.0,5.0,237.0,1170.0,681.0,2026-03-30T21:57:53.148000Z
2026-03-30T22:00:54.432169Z,JP_GOD_Divzer,9731aa53-56d8-43e2-99d1-86e5e2efd7de,STRATEGIST,0.05,73.58,0.0,7.0,0.0,57.0,19.0,34.0,2026-03-30T20:54:15.950000Z
2026-03-30T22:00:54.432169Z,BlueSkyMoose,b3be31d6-e441-4299-a342-685898f35f30,CAPTAIN,0.12,93.5,0.0,28.0,0.0,28.0,108.0,13.0,2026-03-30T19:10:01.575000Z
2026-03-30T22:00:54.432169Z,jeff1234567842,c77bcc5e-ad22-478d-a70e-fa3a255f2f86,CAPTAIN,1.27,30.17,0.0,45.0,0.0,55.0,67.0,76.0,2026-03-29T15:25:26.737000Z
2026-03-30T22:00:54.432169Z,kanyo0904,ae32ae54-c15c-4c6d-ab46-3bdcec6e2e7f,CAPTAIN,0.3,88.42,13.0,3.0,0.0,110.0,145.0,14.0,2026-03-30T14:51:13.935000Z
2026-03-30T22:00:54.432169Z,YBN,3ed556ef-70ef-4d27-8bae-c2cff73f9b20,CAPTAIN,34.03,0.0,0.0,0.0,0.0,0.0,0.0,0.0,2026-02-24T21:11:10.295000Z
2026-03-30T22:00:54.432169Z,Gurlic,bf6fd3d8-f0b2-4831-9dc2-77db02b015d7,CAPTAIN,8.26,15.92,0.0,0.0,0.0,12.0,4.0,35.0,2026-03-22T15:44:17.355000Z
2026-03-30T22:00:54.432169Z,wrggg,2ad7fd38-792d-4862-ba2a-b7e1c1723b18,CAPTAIN,28.02,0.59,0.0,0.0,0.0,0.0,0.0,0.0,2026-03-02T21:28:50.964000Z
2026-03-30T22:00:54.432169Z,parrandeno,065f7a4a-e15a-4bbf-ab2f-b55051e0b6de,CAPTAIN,16.21,0.17,0.0,0.0,0.0,0.0,0.0,0.0,2026-03-14T16:57:02.257000Z
2026-03-30T22:00:54.432169Z,EdouardpheoIII,b0135e82-95b5-432b-a008-d7a8d6829e07,CAPTAIN,9.56,16.67,0.0,0.0,0.0,0.0,42.0,0.0,2026-03-21T08:33:49.913000Z
2026-03-30T22:00:54.432169Z,Ecmz,cff26bb4-bad0-4de2-8559-19d23e2d9d41,CAPTAIN,30.73,0.0,0.0,0.0,0.0,0.0,0.0,0.0,2026-02-28T04:36:02.130000Z
2026-03-30T22:00:54.432169Z,Liciela,823ee888-e114-4ca9-9781-7086b5430a54,CAPTAIN,12.22,9.84,4.0,10.0,0.0,12.0,4.0,21.0,2026-03-18T16:45:27.100000Z
2026-03-30T22:00:54.432169Z,gauvinsteven,d0344f4e-a5fb-48ee-9359-1c82fb2320aa,CAPTAIN,0.11,64.25,0.0,0.0,0.0,0.0,842.0,218.0,2026-03-30T19:22:08.147000Z
2026-03-30T22:00:54.432169Z,MelinoeNemesis,9c413f4a-9e5f-46e9-8b89-abdd46f3f74b,CAPTAIN,37.27,0.0,0.0,0.0,0.0,0.0,0.0,0.0,2026-02-21T15:31:06.350000Z
2026-03-30T22:00:54.432169Z,jayandjef,c837e8b4-4e0a-41c4-b397-7b02f8f35f2a,RECRUITER,0.68,66.5,0.0,1.0,0.0,15.0,319.0,137.0,2026-03-30T05:42:47.228000Z
2026-03-30T22:00:54.432169Z,roll_54,04be2792-d567-4c0a-aa1d-67242dbcf0a8,RECRUITER,16.22,0.0,0.0,0.0,0.0,0.0,0.0,0.0,2026-02-27T00:24:10.536000Z
2026-03-30T22:00:54.432169Z,AmasoXd,423997a0-9626-479c-97e5-d3517b93083c,RECRUITER,0.5,0.83,0.0,0.0,0.0,1.0,18.0,0.0,2026-03-30T10:05:30.723000Z
2026-03-30T22:00:54.432169Z,JinnMD,3823b995-b8fa-49f5-8c68-6d1a66bdf215,RECRUITER,1.73,15.17,0.0,2.0,0.0,2.0,0.0,6.0,2026-03-29T04:29:44.821000Z
2026-03-30T22:00:54.432169Z,evbubba,1af5a66a-9337-4e66-a69b-35d825f4a62b,RECRUITER,19.44,0.0,0.0,0.0,0.0,0.0,0.0,0.0,2026-02-23T19:12:06.300000Z
2026-03-30T22:00:54.432169Z,Thund3rMC,0254668f-5453-408d-aa18-d44d8619c215,RECRUITER,0.0,137.5,0.0,0.0,0.0,2.0,104.0,198.0,2026-03-30T21:59:09.347000Z
2026-03-30T22:00:54.432169Z,JJCourts,0cea76a6-b7a3-4537-8b64-f98ab836a1e2,RECRUITER,0.01,1.58,0.0,0.0,0.0,0.0,0.0,0.0,2026-03-30T21:44:02.489000Z
2026-03-30T22:00:54.432169Z,AlleNupY,ec784aab-d88e-40df-a5ab-c6a26fc9c671,RECRUITER,0.17,5.83,0.0,0.0,0.0,0.0,3.0,17.0,2026-03-30T17:55:42.890000Z
2026-03-30T22:00:54.432169Z,Zytiv,5e3c6983-b267-49be-b6f8-7eedb09fddb4,RECRUITER,33.35,0.0,0.0,0.0,0.0,0.0,0.0,0.0,2026-02-25T13:30:12.267000Z
2026-03-30T22:00:54.432169Z,Firetornado2312,4c0e0ac7-49e1-4590-b4d6-8fe2f1ca1e26,RECRUITER,13.87,0.09,0.0,0.0,0.0,0.0,0.0,0.0,2026-03-17T01:15:29.145000Z
2026-03-30T22:00:54.432169Z,VenonatGX,9867e87a-e526-4da0-8945-e91f339409cc,RECRUITER,7.67,0.09,0.0,0.0,0.0,0.0,0.0,0.0,2026-03-07T13:48:58.383000Z
2026-03-30T22:00:54.432169Z,S6kuna,d3abfd17-2a07-45b1-a5b0-9b76800b53f4,RECRUITER,0.26,48.67,0.0,0.0,2.0,11.0,24.0,185.0,2026-03-30T15:44:45.912000Z
2026-03-30T22:00:54.432169Z,ZicZac,fff311d0-b571-4b80-baa2-43adfe981448,RECRUIT,5.31,17.75,0.0,2.0,0.0,16.0,1.0,89.0,2026-03-09T22:16:57.807000Z
2026-03-30T22:00:54.432169Z,notBirdblade,283536d3-5e6f-4c8d-a23b-9fa8a8b50f18,RECRUIT,15.87,4.67,0.0,0.0,0.0,5.0,158.0,24.0,2026-03-15T01:12:23.582000Z
2026-03-30T22:00:54.432169Z,Feather_Storm,6582d74d-9b97-435e-9781-66cf2aedb17a,RECRUIT,2.19,24.16,0.0,0.0,1.0,0.0,41.0,53.0,2026-03-28T17:27:40.551000Z
2026-03-30T22:00:54.432169Z,SewageFarts,b22cfe82-4f5d-4b43-b63f-8e33bf3d7835,RECRUIT,18.96,0.42,0.0,0.0,0.0,0.0,0.0,0.0,2026-03-11T22:57:38.312000Z
2026-03-30T22:00:54.432169Z,iParadox1122,bd589667-31d5-4f6c-95b8-04ddad4b241f,RECRUIT,23.95,0.0,0.0,0.0,0.0,0.0,0.0,0.0,2026-02-19T06:57:07.851000Z
2026-03-30T22:00:54.432169Z,Bluvey,e781dac3-37b9-48e8-b588-dc8b5a1e0200,RECRUITER,0.54,82.91,0.0,13.0,0.0,66.0,430.0,119.0,2026-03-30T09:06:05.704000Z
2026-03-30T22:00:54.432169Z,CodeCrevette,c1d04519-cf18-4a40-9061-a0d72ec3fda2,CAPTAIN,1.96,238.58,14.0,150.0,2.0,207.0,500.0,332.0,2026-03-28T23:05:10.712000Z
2026-03-30T22:00:54.432169Z,_Hammie_,2adb411c-37e2-491c-8afd-9a38fc4fdf06,RECRUIT,9.47,36.17,0.0,0.0,0.0,0.0,10.0,87.0,2026-03-21T10:44:59.403000Z
2026-03-30T22:00:54.432169Z,Ryuuchen,4bfb9baf-7347-43c8-9c4d-5c55b27c780e,RECRUIT,4.88,0.08,0.0,0.0,0.0,0.0,0.0,0.0,2026-03-26T00:51:17.542000Z
2026-03-30T22:00:54.432169Z,Pogo_Duck,f2fb427f-1ccc-495f-90f1-d40ad5de42f9,RECRUIT,1.93,10.33,0.0,1.0,0.0,3.0,219.0,113.0,2026-03-28T23:37:25.086000Z
2026-03-30T22:00:54.432169Z,Kanaefx,1b6b5470-e8d6-48c8-a553-5bb52395a662,RECRUIT,30.8,0.0,0.0,0.0,0.0,0.0,0.0,0.0,2026-02-28T02:56:34.017000Z
2026-03-30T22:00:54.432169Z,SolaR8735,4fb7c4a3-a84e-431c-9d93-649f6391f7eb,CAPTAIN,0.0,177.58,4.0,88.0,2.0,123.0,251.0,84.0,2026-03-30T21:58:51.748000Z
2026-03-30T22:00:54.432169Z,Arctifire,4f7fad4a-c959-468f-8708-dd68f28e945b,CAPTAIN,0.99,110.0,16.0,55.0,0.0,59.0,577.0,183.0,2026-03-29T22:21:10.383000Z
2026-03-30T22:00:54.432169Z,Endyre,502073b4-06bc-4f30-8a4f-115e6c9e35af,CAPTAIN,1.7,55.75,0.0,9.0,0.0,25.0,391.0,-332.0,2026-03-29T05:19:06.643000Z
2026-03-30T22:00:54.432169Z,nawe69,3ee651c0-59d3-452d-a98d-214d717bef83,RECRUIT,12.23,0.08,0.0,0.0,0.0,0.0,0.0,0.0,2026-03-03T00:10:43.518000Z
2026-03-30T22:00:54.432169Z,aIfaa,511c4018-f6ca-4ccb-a698-9b64b07c6ad3,RECRUIT,18.75,0.0,0.0,0.0,0.0,0.0,0.0,0.0,2026-02-24T11:49:28.720000Z
2026-03-30T22:00:54.432169Z,TheKzR,31cc44b4-4c2d-4d88-8e41-f4a4b0337346,RECRUIT,7.98,1.0,0.0,0.0,0.0,0.0,145.0,7.0,2026-03-22T22:29:40.795000Z
2026-03-30T22:00:54.432169Z,GrayR0ot,a4fa7dd2-7cd7-4626-b9f6-3284fc16557a,RECRUIT,1.39,37.66,0.0,0.0,1.0,5.0,259.0,146.0,2026-03-29T12:35:14.978000Z
2026-03-30T22:00:54.432169Z,Budiono,02115748-53c2-4a43-afd7-5412d8e01f8a,CAPTAIN,0.1,63.16,0.0,18.0,0.0,255.0,0.0,42.0,2026-03-15T03:25:57.773000Z
2026-03-30T22:00:54.432169Z,cheeseball01,94591244-b96c-4675-99fc-b4e9abfac6de,RECRUIT,22.79,2.17,0.0,0.0,0.0,0.0,9.0,1.0,2026-03-08T03:08:55.424000Z
2026-03-30T22:00:54.432169Z,skrybs,1285f316-0b50-4d36-ae61-a02ed620c8ff,RECRUIT,0.95,31.75,0.0,0.0,0.0,0.0,89.0,174.0,2026-03-29T23:13:07.102000Z
2026-03-30T22:00:54.432169Z,Laborious,4489c7f5-9d5a-4b32-b0a3-e2dd9ae619ab,RECRUIT,32.72,0.0,0.0,0.0,0.0,0.0,0.0,0.0,2026-02-26T04:39:03.954000Z
2026-04-26T03:25:44.199619Z,Nqn,a8e5c7c3-444f-4436-b69f-a8db58cdf40d,OWNER,0.42,157.84,0.0,11.0,0.0,65.0,-725.0,317.0,2026-04-25T17:15:46.033000Z
2026-04-26T03:25:44.199619Z,Tisumi,91be9a75-7398-47e0-8c4d-f79df2fc035f,CHIEF,0.0,124.59,0.0,0.0,1.0,209.0,53.0,207.0,2026-04-12T02:54:18.662000Z
2026-04-26T03:25:44.199619Z,_N8,5652732f-e36b-4ca4-87ca-59f9c6dc3ba1,CHIEF,0.42,35.66,0.0,0.0,0.0,0.0,-908.0,54.0,2026-04-25T17:14:26.488000Z
2026-04-26T03:25:44.199619Z,GigaFanDeJul,0a19dd60-254e-4c48-9d76-1b57a2f12c7f,CHIEF,0.2,59.92,0.0,0.0,0.0,16.0,-934.0,92.0,2026-04-25T22:35:51.096000Z
2026-04-26T03:25:44.199619Z,clohi,1b6568dd-4e58-442f-918f-90926f58de0c,CHIEF,0.03,75.75,0.0,5.0,0.0,5.0,58.0,119.0,2026-04-19T02:38:36.898000Z
2026-04-26T03:25:44.199619Z,Krijer1,4a82c3ac-be5d-4115-a822-f2a9c7bdb096,CHIEF,0.25,50.59,0.0,14.0,0.0,22.0,-2133.0,97.0,2026-04-25T21:20:59.328000Z
2026-04-26T03:25:44.199619Z,Shivnitzl19,bd5c1697-4d42-41dd-a4f2-2c8a3a669104,CHIEF,1.65,-3199.67,-2.0,0.0,0.0,0.0,-15343.0,20.0,2026-04-24T11:57:34.028000Z
2026-04-26T03:25:44.199619Z,Xentell,1a3f6b2a-993b-49ed-8542-7584081864b6,CHIEF,8.25,-0.91,0.0,0.0,0.0,0.0,-546.0,0.0,2026-04-17T21:22:55.978000Z
2026-04-26T03:25:44.199619Z,ewenfi,89cdeb83-0958-4563-a606-0a460e13abfa,CHIEF,0.42,46.08,0.0,6.0,0.0,24.0,-1044.0,95.0,2026-04-25T17:23:25.218000Z
2026-04-26T03:25:44.199619Z,H1V,845eed02-175a-44b4-87a2-0228b1fbc3ee,CHIEF,0.14,102.42,0.0,25.0,2.0,66.0,-1871.0,201.0,2026-04-25T23:56:33.888000Z
2026-04-26T03:25:44.199619Z,KirouXD,4470c807-1394-4930-937d-1680d508d22d,CHIEF,48.51,0.0,0.0,0.0,0.0,0.0,-264.0,0.0,2026-03-08T15:19:03.061000Z
2026-04-26T03:25:44.199619Z,Chevacchi,eb33d516-a34b-4050-bd2c-69a24bf0bd75,CHIEF,0.24,39.92,8.0,6.0,0.0,7.0,-512.0,9.0,2026-04-25T21:39:10.463000Z
2026-04-26T03:25:44.199619Z,_Snoopers_,130612b6-1d46-49c7-b06e-3200959254c7,STRATEGIST,1.39,-110.75,0.0,5.0,0.0,6.0,-5009.0,23.0,2026-04-24T18:10:19.610000Z
2026-04-26T03:25:44.199619Z,LaserX,a8ff0b79-9511-47b7-8705-b657eba980aa,STRATEGIST,0.07,71.5,0.0,6.0,1.0,95.0,-2512.0,163.0,2026-04-26T01:38:12.176000Z
2026-04-26T03:25:44.199619Z,WhiteNoise0113,f46a3aa1-ed18-48f4-bcf9-594e0ff19842,STRATEGIST,0.09,-76.0,1.0,0.0,0.0,0.0,-6749.0,52.0,2026-04-26T01:21:19.464000Z
2026-04-26T03:25:44.199619Z,StyNath,c32bfbf5-9665-4ad1-837e-92fa882288a3,STRATEGIST,2.3,48.16,2.0,3.0,0.0,9.0,-778.0,50.0,2026-04-23T20:09:18.938000Z
2026-04-26T03:25:44.199619Z,kcsato,ce2fc852-9b0e-41d2-a323-603be70f5b69,STRATEGIST,1.09,36.0,0.0,0.0,2.0,11.0,15.0,124.0,2026-04-18T01:13:13.449000Z
2026-04-26T03:25:44.199619Z,imNaphy,9604c081-52b1-4224-8107-b00885644c84,STRATEGIST,21.27,-37.0,0.0,0.0,0.0,0.0,-2936.0,0.0,2026-04-04T20:54:17.536000Z
2026-04-26T03:25:44.199619Z,FireGamingDK,96512a2a-4200-463e-8974-27a4c81947cd,STRATEGIST,1.7,6.58,0.0,0.0,0.0,0.0,-1966.0,63.0,2026-04-24T10:39:31.372000Z
2026-04-26T03:25:44.199619Z,xEagless,a27ae078-8209-4c2e-85ea-57de6168cc9b,CAPTAIN,0.34,30.58,0.0,0.0,2.0,8.0,-1870.0,147.0,2026-04-25T19:14:09.379000Z
2026-04-26T03:25:44.199619Z,WynnDestroyer,81c0cf7a-43f9-4aaf-8783-4953970e394d,CAPTAIN,3.91,-2.84,0.0,0.0,0.0,0.0,-1126.0,31.0,2026-04-22T05:38:35.892000Z
2026-04-26T03:25:44.199619Z,cresseliah,b7d4a9f2-73ba-47b6-bc7c-d8db98ad6a2e,CAPTAIN,2.94,0.5,0.0,0.0,0.0,0.0,-935.0,4.0,2026-04-23T04:56:41.980000Z
2026-04-26T03:25:44.199619Z,MoondustPeachy,06793d89-e8ea-4ec2-aa55-4c5f03b93026,CAPTAIN,0.54,38.41,0.0,6.0,0.0,11.0,18.0,101.0,2026-04-18T14:20:09.087000Z
2026-04-26T03:25:44.199619Z,ddxWeCraft,d680883b-e7b2-4bfc-bad7-79372d97c60d,STRATEGIST,0.5,52.17,0.0,3.0,0.0,6.0,13.0,33.0,2026-04-18T15:27:44.564000Z
2026-04-26T03:25:44.199619Z,JP_GOD_Divzer,9731aa53-56d8-43e2-99d1-86e5e2efd7de,STRATEGIST,1.5,25.0,0.0,0.0,0.0,0.0,-387.0,59.0,2026-04-24T15:19:05.456000Z
2026-04-26T03:25:44.199619Z,BlueSkyMoose,b3be31d6-e441-4299-a342-685898f35f30,CAPTAIN,0.3,53.5,0.0,-1.0,0.0,29.0,-5558.0,356.0,2026-04-25T20:19:42.826000Z
2026-04-26T03:25:44.199619Z,jeff1234567842,c77bcc5e-ad22-478d-a70e-fa3a255f2f86,CAPTAIN,1.1,18.92,0.0,-1.0,0.0,0.0,-932.0,70.0,2026-04-25T00:55:35.389000Z
2026-04-26T03:25:44.199619Z,kanyo0904,ae32ae54-c15c-4c6d-ab46-3bdcec6e2e7f,CAPTAIN,0.37,73.83,0.0,0.0,0.0,38.0,-139.0,139.0,2026-04-25T18:36:40.614000Z
2026-04-26T03:25:44.199619Z,YBN,3ed556ef-70ef-4d27-8bae-c2cff73f9b20,CAPTAIN,60.26,-0.16,0.0,0.0,0.0,0.0,-1359.0,0.0,2026-02-24T21:11:10.295000Z
2026-04-26T03:25:44.199619Z,Gurlic,bf6fd3d8-f0b2-4831-9dc2-77db02b015d7,CAPTAIN,0.67,5.5,0.0,0.0,0.0,0.0,-396.0,22.0,2026-04-25T11:21:38.198000Z
2026-04-26T03:25:44.199619Z,wrggg,2ad7fd38-792d-4862-ba2a-b7e1c1723b18,CAPTAIN,54.25,0.0,0.0,0.0,0.0,0.0,-264.0,0.0,2026-03-02T21:28:50.964000Z
2026-04-26T03:25:44.199619Z,parrandeno,065f7a4a-e15a-4bbf-ab2f-b55051e0b6de,CAPTAIN,17.22,-3.67,0.0,0.0,0.0,0.0,-732.0,2.0,2026-04-08T22:07:29.053000Z
2026-04-26T03:25:44.199619Z,EdouardpheoIII,b0135e82-95b5-432b-a008-d7a8d6829e07,CAPTAIN,20.23,-12.92,0.0,0.0,0.0,0.0,-5351.0,3.0,2026-04-05T21:58:04.694000Z
2026-04-26T03:25:44.199619Z,Ecmz,cff26bb4-bad0-4de2-8559-19d23e2d9d41,CAPTAIN,56.95,0.0,0.0,0.0,0.0,0.0,-396.0,1.0,2026-02-28T04:36:02.130000Z
2026-04-26T03:25:44.199619Z,Liciela,823ee888-e114-4ca9-9781-7086b5430a54,CAPTAIN,38.45,-1.59,0.0,0.0,0.0,0.0,-1833.0,1.0,2026-03-18T16:45:27.100000Z
2026-04-26T03:25:44.199619Z,gauvinsteven,d0344f4e-a5fb-48ee-9359-1c82fb2320aa,CAPTAIN,16.32,4.5,0.0,0.0,0.0,0.0,-960.0,0.0,2026-04-09T19:43:30.241000Z
2026-04-26T03:25:44.199619Z,MelinoeNemesis,9c413f4a-9e5f-46e9-8b89-abdd46f3f74b,CAPTAIN,63.5,-1.09,0.0,0.0,0.0,0.0,-1106.0,1.0,2026-02-21T15:31:06.350000Z
2026-04-26T03:25:44.199619Z,jayandjef,c837e8b4-4e0a-41c4-b397-7b02f8f35f2a,RECRUITER,4.92,54.5,0.0,1.0,0.0,11.0,-634.0,174.0,2026-04-21T05:15:03.771000Z
2026-04-26T03:25:44.199619Z,AmasoXd,423997a0-9626-479c-97e5-d3517b93083c,RECRUITER,26.72,-1.5,0.0,0.0,0.0,0.0,-1103.0,0.0,2026-03-30T10:05:30.723000Z
2026-04-26T03:25:44.199619Z,JinnMD,3823b995-b8fa-49f5-8c68-6d1a66bdf215,RECRUITER,3.43,12.08,0.0,0.0,0.0,0.0,-914.0,29.0,2026-04-22T17:06:28.995000Z
2026-04-26T03:25:44.199619Z,Thund3rMC,0254668f-5453-408d-aa18-d44d8619c215,CAPTAIN,0.18,73.25,0.0,0.0,1.0,5.0,-368.0,144.0,2026-04-25T23:11:13.633000Z
2026-04-26T03:25:44.199619Z,JJCourts,0cea76a6-b7a3-4537-8b64-f98ab836a1e2,RECRUITER,0.51,11.75,0.0,0.0,0.0,0.0,-694.0,54.0,2026-04-25T15:10:55.576000Z
2026-04-26T03:25:44.199619Z,AlleNupY,ec784aab-d88e-40df-a5ab-c6a26fc9c671,RECRUITER,17.58,4.17,0.0,0.0,0.0,0.0,-264.0,4.0,2026-04-08T13:31:13.503000Z
2026-04-26T03:25:44.199619Z,Zytiv,5e3c6983-b267-49be-b6f8-7eedb09fddb4,RECRUITER,20.09,0.92,0.0,0.0,0.0,0.0,-132.0,1.0,2026-04-06T01:13:33.773000Z
2026-04-26T03:25:44.199619Z,Firetornado2312,4c0e0ac7-49e1-4590-b4d6-8fe2f1ca1e26,RECRUITER,1.91,0.75,0.0,0.0,0.0,0.0,-131.0,2.0,2026-04-24T05:42:45.983000Z
2026-04-26T03:25:44.199619Z,S6kuna,d3abfd17-2a07-45b1-a5b0-9b76800b53f4,RECRUITER,0.57,67.41,0.0,0.0,1.0,47.0,-108.0,82.0,2026-04-25T13:44:58.317000Z
2026-04-26T03:25:44.199619Z,notBirdblade,283536d3-5e6f-4c8d-a23b-9fa8a8b50f18,RECRUIT,42.09,-0.42,0.0,0.0,0.0,0.0,-680.0,0.0,2026-03-15T01:12:23.582000Z
2026-04-26T03:25:44.199619Z,Feather_Storm,6582d74d-9b97-435e-9781-66cf2aedb17a,RECRUIT,19.47,5.25,0.0,0.0,0.0,0.0,-799.0,24.0,2026-04-06T16:06:13.849000Z
2026-04-26T03:25:44.199619Z,SewageFarts,b22cfe82-4f5d-4b43-b63f-8e33bf3d7835,RECRUIT,21.15,0.16,0.0,0.0,0.0,0.0,-263.0,1.0,2026-04-04T23:50:50.839000Z
2026-04-26T03:25:44.199619Z,Bluvey,e781dac3-37b9-48e8-b588-dc8b5a1e0200,RECRUITER,7.07,22.34,0.0,0.0,0.0,0.0,-527.0,0.0,2026-04-19T01:51:04.816000Z
2026-04-26T03:25:44.199619Z,CodeCrevette,c1d04519-cf18-4a40-9061-a0d72ec3fda2,STRATEGIST,0.01,197.83,0.0,44.0,0.0,119.0,-228.0,151.0,2026-04-26T03:17:56.662000Z
2026-04-26T03:25:44.199619Z,_Hammie_,2adb411c-37e2-491c-8afd-9a38fc4fdf06,RECRUIT,35.7,0.0,0.0,0.0,0.0,0.0,-132.0,0.0,2026-03-21T10:44:59.403000Z
2026-04-26T03:25:44.199619Z,Ryuuchen,4bfb9baf-7347-43c8-9c4d-5c55b27c780e,RECRUIT,15.64,-0.91,0.0,0.0,0.0,0.0,-1110.0,9.0,2026-04-10T12:09:23.668000Z
2026-04-26T03:25:44.199619Z,Pogo_Duck,f2fb427f-1ccc-495f-90f1-d40ad5de42f9,RECRUIT,28.16,-21.58,0.0,0.0,0.0,0.0,-1459.0,0.0,2026-03-28T23:37:25.086000Z
2026-04-26T03:25:44.199619Z,Kanaefx,1b6b5470-e8d6-48c8-a553-5bb52395a662,RECRUIT,43.0,0.0,0.0,0.0,0.0,0.0,0.0,0.0,2026-02-28T02:56:34.017000Z
2026-04-26T03:25:44.199619Z,SolaR8735,4fb7c4a3-a84e-431c-9d93-649f6391f7eb,STRATEGIST,0.89,172.75,0.0,37.0,1.0,124.0,-237.0,83.0,2026-04-25T05:58:05.806000Z
2026-04-26T03:25:44.199619Z,Arctifire,4f7fad4a-c959-468f-8708-dd68f28e945b,CAPTAIN,3.26,22.41,0.0,6.0,0.0,9.0,-515.0,40.0,2026-04-22T21:13:43.703000Z
2026-04-26T03:25:44.199619Z,Endyre,502073b4-06bc-4f30-8a4f-115e6c9e35af,CAPTAIN,1.0,-346.42,0.0,1.0,1.0,-1.0,-7468.0,188.0,2026-04-25T03:29:45.005000Z
2026-04-26T03:25:44.199619Z,TheKzR,31cc44b4-4c2d-4d88-8e41-f4a4b0337346,RECRUIT,8.31,3.17,0.0,0.0,0.0,0.0,-263.0,0.0,2026-04-17T19:53:00.049000Z
2026-04-26T03:25:44.199619Z,GrayR0ot,a4fa7dd2-7cd7-4626-b9f6-3284fc16557a,RECRUIT,27.62,-30.75,0.0,0.0,0.0,0.0,-1318.0,0.0,2026-03-29T12:35:14.978000Z
2026-04-26T03:25:44.199619Z,cheeseball01,94591244-b96c-4675-99fc-b4e9abfac6de,RECRUITER,0.16,73.42,0.0,2.0,2.0,30.0,-3431.0,359.0,2026-04-25T23:34:06.539000Z
2026-04-26T03:25:44.199619Z,skrybs,1285f316-0b50-4d36-ae61-a02ed620c8ff,RECRUIT,20.04,-41.92,0.0,0.0,0.0,0.0,-5038.0,56.0,2026-04-06T02:25:26.901000Z
2026-04-26T03:25:44.199619Z,Laborious,4489c7f5-9d5a-4b32-b0a3-e2dd9ae619ab,RECRUIT,14.91,-107.83,0.0,0.0,0.0,0.0,-1995.0,32.0,2026-04-11T05:33:32.967000Z
2026-04-26T03:25:44.199619Z,FlamePootis,8c0c0855-a6e0-49aa-9b4d-ceb0e040d9cb,STRATEGIST,0.87,26.09,0.0,10.0,0.0,26.0,-252.0,72.0,2026-04-25T06:37:23.784000Z
2026-04-26T03:25:44.199619Z,Mesinya,7f8b70f3-c2ef-4669-9da0-d9f29bedbf78,RECRUIT,55.25,0.0,0.0,0.0,0.0,0.0,-132.0,1.0,2026-03-01T21:32:02.080000Z
2026-04-26T03:25:44.199619Z,kseap,43916d5e-7827-45f2-b40d-5f1141e1e67a,RECRUITER,29.19,-308.17,0.0,0.0,0.0,0.0,-2295.0,0.0,2026-03-27T22:55:48.614000Z
2026-04-26T03:25:44.199619Z,Lesbien,897d965d-67b4-4536-938a-e94280f7f97e,RECRUITER,6.8,8.16,0.0,0.0,0.0,2.0,-658.0,104.0,2026-04-19T08:07:14.998000Z
2026-04-26T03:25:44.199619Z,Wispxerre,e3790cf3-d64b-402a-bd3f-a6c271ab8deb,CAPTAIN,0.39,93.33,0.0,8.0,0.0,87.0,44.0,156.0,2026-04-18T17:58:39.653000Z
2026-04-26T03:25:44.199619Z,Hinsis,b85cd214-638c-4e01-b7bd-e127e5f11382,RECRUITER,12.05,42.33,2.0,0.0,1.0,3.0,-323.0,118.0,2026-04-14T02:14:41.749000Z
2026-04-26T03:25:44.199619Z,Couteau,7ff6564c-1bf3-4cd8-9524-6b3f317bfddc,RECRUIT,0.51,45.33,0.0,0.0,0.0,15.0,-2585.0,168.0,2026-04-25T15:09:09.363000Z
2026-04-26T03:25:44.199619Z,King_Yakub,af282649-d15b-4c48-b34b-b38cb1d14ee6,RECRUITER,0.14,71.33,0.0,10.0,6.0,25.0,-1990.0,253.0,2026-04-26T00:01:33.251000Z
2026-04-26T03:25:44.199619Z,_Jus10__,d6f07d27-4e13-4fbe-81cc-d78668947a01,RECRUITER,0.34,22.33,0.0,0.0,1.0,5.0,-252.0,55.0,2026-04-25T19:18:25.892000Z
2026-04-26T03:25:44.199619Z,CAD_Bear,14b53155-e17d-4f64-89e7-e01fd6304ed0,RECRUITER,0.35,0.42,0.0,0.0,1.0,3.0,-1957.0,66.0,2026-04-25T18:54:37.489000Z
2026-04-26T03:25:44.199619Z,RealArmis,b11af6d5-9c3f-4658-a737-10b3d7263c01,RECRUIT,15.09,30.16,0.0,0.0,0.0,3.0,-195.0,197.0,2026-04-11T01:23:55.471000Z
2026-04-26T03:25:44.199619Z,omuy,2d7269be-e432-4f18-93d6-731590ff8b46,RECRUITER,0.24,59.84,0.0,4.0,0.0,38.0,-1975.0,372.0,2026-04-25T21:35:05.311000Z
2026-04-26T03:25:44.199619Z,RedCRAFT08,5224ea7c-a76f-4bf5-83c1-9ccacc9b6556,RECRUIT,17.56,0.0,0.0,0.0,0.0,0.0,0.0,0.0,2026-03-18T13:28:44.514000Z
2026-04-26T03:25:44.199619Z,koaladaisy,c1affd38-af09-411c-beee-ded6d011bff9,RECRUIT,0.0,46.08,0.0,0.0,0.0,140.0,14.0,84.0,2026-04-12T02:57:16.749000Z
2026-04-26T03:25:44.199619Z,8uc,965305d9-0016-4d1f-8919-e1cfe28ccee2,RECRUIT,0.9,12.0,0.0,0.0,0.0,13.0,-1215.0,71.0,2026-04-25T05:51:50.316000Z
2026-04-26T03:25:44.199619Z,PixelMinerXD123,e561350f-fc3d-44de-b4f6-e77e42140a08,STRATEGIST,0.32,28.84,0.0,0.0,0.0,0.0,24.0,65.0,2026-04-11T19:15:46.745000Z
2026-04-26T03:25:44.199619Z,reparody,b0228fae-1ec0-4c4f-a39b-31ecde3a8b6e,RECRUIT,12.21,44.25,0.0,3.0,0.0,5.0,-70.0,285.0,2026-04-13T22:23:13.665000Z
2026-04-26T03:25:44.199619Z,Gunther_v,d0a98d9d-3e77-4913-9546-3234e75286e8,RECRUIT,20.06,0.59,0.0,0.0,0.0,0.0,-409.0,0.0,2026-04-06T01:59:55.559000Z
2026-05-24T03:28:02.600629Z,Nqn,a8e5c7c3-444f-4436-b69f-a8db58cdf40d,OWNER,0.04,221.66,0.0,145.0,0.0,312.0,137.0,253.0,2026-05-24T02:23:14.625000Z
2026-05-24T03:28:02.600629Z,Tisumi,91be9a75-7398-47e0-8c4d-f79df2fc035f,CHIEF,0.0,314.42,59.0,99.0,1.0,708.0,338.0,381.0,2026-04-12T02:54:18.662000Z
2026-05-24T03:28:02.600629Z,_N8,5652732f-e36b-4ca4-87ca-59f9c6dc3ba1,CHIEF,7.87,4.5,0.0,2.0,0.0,4.0,1.0,14.0,2026-05-16T06:36:26.939000Z
2026-05-24T03:28:02.600629Z,GigaFanDeJul,0a19dd60-254e-4c48-9d76-1b57a2f12c7f,CHIEF,7.18,13.5,1.0,0.0,0.0,2.0,3.0,0.0,2026-05-16T23:06:54.046000Z
2026-05-24T03:28:02.600629Z,clohi,1b6568dd-4e58-442f-918f-90926f58de0c,CHIEF,0.03,79.0,0.0,5.0,0.0,5.0,58.0,119.0,2026-04-19T02:38:36.898000Z
2026-05-24T03:28:02.600629Z,Krijer1,4a82c3ac-be5d-4115-a822-f2a9c7bdb096,CHIEF,0.33,68.5,42.0,13.0,2.0,53.0,14.0,112.0,2026-05-23T19:30:32.384000Z
2026-05-24T03:28:02.600629Z,Shivnitzl19,bd5c1697-4d42-41dd-a4f2-2c8a3a669104,CHIEF,1.65,13.5,0.0,14.0,0.0,14.0,4.0,23.0,2026-05-22T11:57:30.067000Z
2026-05-24T03:28:02.600629Z,Xentell,1a3f6b2a-993b-49ed-8542-7584081864b6,CHIEF,8.25,0.0,0.0,0.0,0.0,0.0,0.0,0.0,2026-04-17T21:22:55.978000Z
2026-05-24T03:28:02.600629Z,ewenfi,89cdeb83-0958-4563-a606-0a460e13abfa,CHIEF,19.49,1.83,0.0,0.0,0.0,2.0,8.0,0.0,2026-05-04T15:48:40.553000Z
2026-05-24T03:28:02.600629Z,H1V,845eed02-175a-44b4-87a2-0228b1fbc3ee,CHIEF,0.09,45.33,1.0,80.0,0.0,101.0,2.0,28.0,2026-05-24T01:14:21.737000Z
2026-05-24T03:28:02.600629Z,KirouXD,4470c807-1394-4930-937d-1680d508d22d,CHIEF,76.51,0.0,0.0,0.0,0.0,0.0,0.0,0.0,2026-03-08T15:19:03.061000Z
2026-05-24T03:28:02.600629Z,Chevacchi,eb33d516-a34b-4050-bd2c-69a24bf0bd75,CHIEF,15.94,10.17,4.0,0.0,0.0,0.0,0.0,0.0,2026-05-08T04:57:17.623000Z
2026-05-24T03:28:02.600629Z,_Snoopers_,130612b6-1d46-49c7-b06e-3200959254c7,STRATEGIST,6.02,6.09,1.0,5.0,0.0,5.0,15.0,11.0,2026-05-18T02:54:10.491000Z
2026-05-24T03:28:02.600629Z,LaserX,a8ff0b79-9511-47b7-8705-b657eba980aa,STRATEGIST,21.43,13.75,0.0,0.0,0.0,25.0,14.0,5.0,2026-05-02T17:15:58.193000Z
2026-05-24T03:28:02.600629Z,WhiteNoise0113,f46a3aa1-ed18-48f4-bcf9-594e0ff19842,STRATEGIST,14.0,0.34,0.0,0.0,0.0,0.0,0.0,5.0,2026-05-10T03:26:11.116000Z
2026-05-24T03:28:02.600629Z,StyNath,c32bfbf5-9665-4ad1-837e-92fa882288a3,STRATEGIST,30.3,0.0,0.0,0.0,0.0,0.0,0.0,0.0,2026-04-23T20:09:18.938000Z
2026-05-24T03:28:02.600629Z,kcsato,ce2fc852-9b0e-41d2-a323-603be70f5b69,STRATEGIST,1.09,36.0,0.0,0.0,2.0,11.0,15.0,124.0,2026-04-18T01:13:13.449000Z
2026-05-24T03:28:02.600629Z,imNaphy,9604c081-52b1-4224-8107-b00885644c84,STRATEGIST,49.27,0.0,0.0,0.0,0.0,0.0,0.0,0.0,2026-04-04T20:54:17.536000Z
2026-05-24T03:28:02.600629Z,FireGamingDK,96512a2a-4200-463e-8974-27a4c81947cd,STRATEGIST,18.71,1.25,0.0,0.0,0.0,0.0,1.0,1.0,2026-05-05T10:21:19.022000Z
2026-05-24T03:28:02.600629Z,Lliseron,fdaac6c6-88b2-437a-b923-44d14d0841f6,STRATEGIST,0.97,23.5,1.0,0.0,0.0,0.0,562.0,87.0,2026-03-21T21:02:18.768000Z
2026-05-24T03:28:02.600629Z,xEagless,a27ae078-8209-4c2e-85ea-57de6168cc9b,CAPTAIN,19.19,8.25,0.0,0.0,0.0,2.0,0.0,0.0,2026-05-04T22:50:03.858000Z
2026-05-24T03:28:02.600629Z,WynnDestroyer,81c0cf7a-43f9-4aaf-8783-4953970e394d,CAPTAIN,3.91,0.0,0.0,0.0,0.0,0.0,0.0,0.0,2026-04-22T05:38:35.892000Z
2026-05-24T03:28:02.600629Z,cresseliah,b7d4a9f2-73ba-47b6-bc7c-d8db98ad6a2e,CAPTAIN,27.05,0.16,0.0,0.0,0.0,0.0,5.0,2.0,2026-04-27T02:10:46.494000Z
2026-05-24T03:28:02.600629Z,MoondustPeachy,06793d89-e8ea-4ec2-aa55-4c5f03b93026,CAPTAIN,0.54,55.66,0.0,9.0,0.0,15.0,180.0,163.0,2026-04-18T14:20:09.087000Z
2026-05-24T03:28:02.600629Z,ddxWeCraft,d680883b-e7b2-4bfc-bad7-79372d97c60d,STRATEGIST,1.96,46.84,1.0,33.0,0.0,86.0,38.0,153.0,2026-05-22T04:21:19.915000Z
2026-05-24T03:28:02.600629Z,JP_GOD_Divzer,9731aa53-56d8-43e2-99d1-86e5e2efd7de,STRATEGIST,1.89,32.83,0.0,0.0,0.0,9.0,46.0,80.0,2026-05-22T06:08:15.263000Z
2026-05-24T03:28:02.600629Z,BlueSkyMoose,b3be31d6-e441-4299-a342-685898f35f30,CAPTAIN,5.35,6.92,0.0,0.0,0.0,0.0,3.0,0.0,2026-05-18T19:10:09.628000Z
2026-05-24T03:28:02.600629Z,jeff1234567842,c77bcc5e-ad22-478d-a70e-fa3a255f2f86,CAPTAIN,7.27,4.08,0.0,2.0,0.0,4.0,5.0,6.0,2026-05-16T20:56:01.077000Z
2026-05-24T03:28:02.600629Z,kanyo0904,ae32ae54-c15c-4c6d-ab46-3bdcec6e2e7f,CAPTAIN,0.25,129.59,0.0,0.0,1.0,101.0,173.0,221.0,2026-05-23T21:34:00.340000Z
2026-05-24T03:28:02.600629Z,YBN,3ed556ef-70ef-4d27-8bae-c2cff73f9b20,CAPTAIN,74.27,0.0,0.0,0.0,0.0,0.0,0.0,0.0,2026-02-24T21:11:10.295000Z
2026-05-24T03:28:02.600629Z,Gurlic,bf6fd3d8-f0b2-4831-9dc2-77db02b015d7,CAPTAIN,0.52,39.0,0.0,0.0,0.0,1.0,17.0,68.0,2026-05-23T15:07:01.192000Z
2026-05-24T03:28:02.600629Z,wrggg,2ad7fd38-792d-4862-ba2a-b7e1c1723b18,CAPTAIN,82.25,0.0,0.0,0.0,0.0,0.0,0.0,0.0,2026-03-02T21:28:50.964000Z
2026-05-24T03:28:02.600629Z,parrandeno,065f7a4a-e15a-4bbf-ab2f-b55051e0b6de,CAPTAIN,17.22,0.0,0.0,0.0,0.0,0.0,0.0,0.0,2026-04-08T22:07:29.053000Z
2026-05-24T03:28:02.600629Z,EdouardpheoIII,b0135e82-95b5-432b-a008-d7a8d6829e07,CAPTAIN,22.33,0.33,0.0,0.0,0.0,0.0,1.0,0.0,2026-05-01T19:28:14.823000Z
2026-05-24T03:28:02.600629Z,Ecmz,cff26bb4-bad0-4de2-8559-19d23e2d9d41,CAPTAIN,70.96,0.0,0.0,0.0,0.0,0.0,0.0,0.0,2026-02-28T04:36:02.130000Z
2026-05-24T03:28:02.600629Z,Liciela,823ee888-e114-4ca9-9781-7086b5430a54,CAPTAIN,66.45,0.0,0.0,0.0,0.0,0.0,0.0,0.0,2026-03-18T16:45:27.100000Z
2026-05-24T03:28:02.600629Z,gauvinsteven,d0344f4e-a5fb-48ee-9359-1c82fb2320aa,CAPTAIN,44.32,0.0,0.0,0.0,0.0,0.0,0.0,0.0,2026-04-09T19:43:30.241000Z
2026-05-24T03:28:02.600629Z,MelinoeNemesis,9c413f4a-9e5f-46e9-8b89-abdd46f3f74b,CAPTAIN,91.5,0.0,0.0,0.0,0.0,0.0,0.0,0.0,2026-02-21T15:31:06.350000Z
2026-05-24T03:28:02.600629Z,jayandjef,c837e8b4-4e0a-41c4-b397-7b02f8f35f2a,RECRUITER,0.41,24.17,0.0,0.0,0.0,8.0,9.0,61.0,2026-05-23T17:40:57.778000Z
2026-05-24T03:28:02.600629Z,roll_54,04be2792-d567-4c0a-aa1d-67242dbcf0a8,RECRUITER,16.22,0.0,0.0,0.0,0.0,0.0,0.0,0.0,2026-02-27T00:24:10.536000Z
2026-05-24T03:28:02.600629Z,AmasoXd,423997a0-9626-479c-97e5-d3517b93083c,RECRUITER,34.91,0.0,0.0,0.0,0.0,0.0,0.0,0.0,2026-03-30T10:05:30.723000Z
2026-05-24T03:28:02.600629Z,JinnMD,3823b995-b8fa-49f5-8c68-6d1a66bdf215,RECRUITER,19.43,11.17,0.0,0.0,0.0,0.0,2.0,28.0,2026-05-04T17:07:30.483000Z
2026-05-24T03:28:02.600629Z,evbubba,1af5a66a-9337-4e66-a69b-35d825f4a62b,RECRUITER,19.44,0.0,0.0,0.0,0.0,0.0,0.0,0.0,2026-02-23T19:12:06.300000Z
2026-05-24T03:28:02.600629Z,Thund3rMC,0254668f-5453-408d-aa18-d44d8619c215,CAPTAIN,0.38,134.92,0.0,0.0,1.0,5.0,5.0,41.0,2026-05-23T18:27:25.438000Z
2026-05-24T03:28:02.600629Z,JJCourts,0cea76a6-b7a3-4537-8b64-f98ab836a1e2,RECRUITER,12.43,0.17,0.0,0.0,0.0,0.0,0.0,0.0,2026-05-04T17:35:33.001000Z
2026-05-24T03:28:02.600629Z,AlleNupY,ec784aab-d88e-40df-a5ab-c6a26fc9c671,RECRUITER,25.77,0.0,0.0,0.0,0.0,0.0,0.0,0.0,2026-04-08T13:31:13.503000Z
2026-05-24T03:28:02.600629Z,Zytiv,5e3c6983-b267-49be-b6f8-7eedb09fddb4,RECRUITER,20.09,0.0,0.0,0.0,0.0,0.0,0.0,0.0,2026-04-06T01:13:33.773000Z
2026-05-24T03:28:02.600629Z,Firetornado2312,4c0e0ac7-49e1-4590-b4d6-8fe2f1ca1e26,RECRUITER,19.18,0.58,0.0,0.0,0.0,0.0,0.0,3.0,2026-05-04T23:11:42.656000Z
2026-05-24T03:28:02.600629Z,White_plague,6f327520-de36-4695-b8f1-f67558d0d4fc,RECRUITER,17.86,0.0,0.0,0.0,0.0,0.0,0.0,0.0,2026-02-18T08:32:06.033000Z
2026-05-24T03:28:02.600629Z,vamqir,85017f3e-4643-454b-a315-f158dd3971dd,RECRUITER,12.45,0.0,0.0,0.0,0.0,0.0,0.0,0.0,2026-02-23T18:13:20.206000Z
2026-05-24T03:28:02.600629Z,VenonatGX,9867e87a-e526-4da0-8945-e91f339409cc,RECRUITER,7.67,0.09,0.0,0.0,0.0,0.0,0.0,0.0,2026-03-07T13:48:58.383000Z
2026-05-24T03:28:02.600629Z,djderpcat,eb1d2b6f-cd58-4cc8-b389-05bbfa831a3e,RECRUITER,4.3,0.17,0.0,0.0,0.0,0.0,1.0,2.0,2026-03-03T21:50:05.995000Z
2026-05-24T03:28:02.600629Z,S6kuna,d3abfd17-2a07-45b1-a5b0-9b76800b53f4,CAPTAIN,0.0,140.0,0.0,32.0,1.0,170.0,36.0,59.0,2026-05-24T03:25:40.787000Z
2026-05-24T03:28:02.600629Z,ZicZac,fff311d0-b571-4b80-baa2-43adfe981448,RECRUIT,5.31,17.75,0.0,2.0,0.0,16.0,1.0,89.0,2026-03-09T22:16:57.807000Z
2026-05-24T03:28:02.600629Z,notBirdblade,283536d3-5e6f-4c8d-a23b-9fa8a8b50f18,RECRUIT,42.09,0.0,0.0,0.0,0.0,0.0,0.0,0.0,2026-03-15T01:12:23.582000Z
2026-05-24T03:28:02.600629Z,Feather_Storm,6582d74d-9b97-435e-9781-66cf2aedb17a,RECRUIT,27.66,0.0,0.0,0.0,0.0,0.0,0.0,0.0,2026-04-06T16:06:13.849000Z
2026-05-24T03:28:02.600629Z,SewageFarts,b22cfe82-4f5d-4b43-b63f-8e33bf3d7835,RECRUIT,21.15,0.0,0.0,0.0,0.0,0.0,0.0,0.0,2026-04-04T23:50:50.839000Z
2026-05-24T03:28:02.600629Z,iParadox1122,bd589667-31d5-4f6c-95b8-04ddad4b241f,RECRUIT,23.95,0.0,0.0,0.0,0.0,0.0,0.0,0.0,2026-02-19T06:57:07.851000Z
2026-05-24T03:28:02.600629Z,Bluvey,e781dac3-37b9-48e8-b588-dc8b5a1e0200,RECRUITER,15.26,0.0,0.0,0.0,0.0,0.0,0.0,0.0,2026-04-19T01:51:04.816000Z
2026-05-24T03:28:02.600629Z,CodeCrevette,c1d04519-cf18-4a40-9061-a0d72ec3fda2,CHIEF,0.01,243.42,0.0,133.0,2.0,178.0,1767.0,983.0,2026-05-24T03:19:26.410000Z
2026-05-24T03:28:02.600629Z,_Hammie_,2adb411c-37e2-491c-8afd-9a38fc4fdf06,RECRUIT,35.7,0.0,0.0,0.0,0.0,0.0,0.0,0.0,2026-03-21T10:44:59.403000Z
2026-05-24T03:28:02.600629Z,Ryuuchen,4bfb9baf-7347-43c8-9c4d-5c55b27c780e,RECRUIT,23.82,0.0,0.0,0.0,0.0,0.0,0.0,0.0,2026-04-10T12:09:23.668000Z
2026-05-24T03:28:02.600629Z,Pogo_Duck,f2fb427f-1ccc-495f-90f1-d40ad5de42f9,RECRUIT,28.16,0.0,0.0,0.0,0.0,0.0,0.0,0.0,2026-03-28T23:37:25.086000Z
2026-05-24T03:28:02.600629Z,Kanaefx,1b6b5470-e8d6-48c8-a553-5bb52395a662,RECRUIT,43.0,0.0,0.0,0.0,0.0,0.0,0.0,0.0,2026-02-28T02:56:34.017000Z
2026-05-24T03:28:02.600629Z,SolaR8735,4fb7c4a3-a84e-431c-9d93-649f6391f7eb,CHIEF,0.08,210.34,69.0,186.0,0.0,263.0,352.0,12.0,2026-05-24T01:35:07.623000Z
2026-05-24T03:28:02.600629Z,Arctifire,4f7fad4a-c959-468f-8708-dd68f28e945b,RECRUIT,3.01,14.34,19.0,5.0,1.0,6.0,8.0,41.0,2026-05-21T03:16:23.115000Z
2026-05-24T03:28:02.600629Z,Endyre,502073b4-06bc-4f30-8a4f-115e6c9e35af,CAPTAIN,7.94,0.33,0.0,0.0,0.0,2.0,0.0,0.0,2026-05-16T04:54:44.841000Z
2026-05-24T03:28:02.600629Z,nawe69,3ee651c0-59d3-452d-a98d-214d717bef83,RECRUIT,12.23,0.08,0.0,0.0,0.0,0.0,0.0,0.0,2026-03-03T00:10:43.518000Z
2026-05-24T03:28:02.600629Z,aIfaa,511c4018-f6ca-4ccb-a698-9b64b07c6ad3,RECRUIT,18.75,0.0,0.0,0.0,0.0,0.0,0.0,0.0,2026-02-24T11:49:28.720000Z
2026-05-24T03:28:02.600629Z,erik_9453,1ebcb3ff-2695-4a54-b482-a22081cb024a,RECRUIT,25.07,0.0,0.0,0.0,0.0,0.0,0.0,0.0,2026-02-11T03:24:11.296000Z
2026-05-24T03:28:02.600629Z,TheKzR,31cc44b4-4c2d-4d88-8e41-f4a4b0337346,RECRUIT,22.32,0.0,0.0,0.0,0.0,0.0,0.0,0.0,2026-04-17T19:53:00.049000Z
2026-05-24T03:28:02.600629Z,GrayR0ot,a4fa7dd2-7cd7-4626-b9f6-3284fc16557a,RECRUIT,27.62,0.0,0.0,0.0,0.0,0.0,0.0,0.0,2026-03-29T12:35:14.978000Z
2026-05-24T03:28:02.600629Z,Budiono,02115748-53c2-4a43-afd7-5412d8e01f8a,CAPTAIN,0.1,63.16,0.0,18.0,0.0,255.0,0.0,42.0,2026-03-15T03:25:57.773000Z
2026-05-24T03:28:02.600629Z,cheeseball01,94591244-b96c-4675-99fc-b4e9abfac6de,RECRUITER,0.07,54.75,0.0,7.0,0.0,22.0,2.0,21.0,2026-05-24T01:50:17.195000Z
2026-05-24T03:28:02.600629Z,skrybs,1285f316-0b50-4d36-ae61-a02ed620c8ff,RECRUIT,20.04,0.0,0.0,0.0,0.0,0.0,0.0,0.0,2026-04-06T02:25:26.901000Z
2026-05-24T03:28:02.600629Z,Laborious,4489c7f5-9d5a-4b32-b0a3-e2dd9ae619ab,RECRUIT,23.1,0.0,0.0,0.0,0.0,0.0,0.0,0.0,2026-04-11T05:33:32.967000Z
2026-05-24T03:28:02.600629Z,FlamePootis,8c0c0855-a6e0-49aa-9b4d-ceb0e040d9cb,STRATEGIST,0.99,35.25,1.0,36.0,1.0,45.0,40.0,70.0,2026-05-23T03:37:56.094000Z
2026-05-24T03:28:02.600629Z,Mesinya,7f8b70f3-c2ef-4669-9da0-d9f29bedbf78,RECRUIT,55.25,0.0,0.0,0.0,0.0,0.0,0.0,0.0,2026-03-01T21:32:02.080000Z
2026-05-24T03:28:02.600629Z,kseap,43916d5e-7827-45f2-b40d-5f1141e1e67a,RECRUITER,29.19,0.0,0.0,0.0,0.0,0.0,0.0,0.0,2026-03-27T22:55:48.614000Z
2026-05-24T03:28:02.600629Z,Lesbien,897d965d-67b4-4536-938a-e94280f7f97e,RECRUITER,1.16,46.5,0.0,26.0,5.0,54.0,36.0,228.0,2026-05-22T23:41:50.045000Z
2026-05-24T03:28:02.600629Z,Wispxerre,e3790cf3-d64b-402a-bd3f-a6c271ab8deb,CAPTAIN,0.39,99.08,0.0,8.0,0.0,105.0,56.0,159.0,2026-04-18T17:58:39.653000Z
2026-05-24T03:28:02.600629Z,Hinsis,b85cd214-638c-4e01-b7bd-e127e5f11382,RECRUITER,0.17,24.0,0.0,0.0,0.0,1.0,6.0,22.0,2026-05-23T23:18:31.463000Z
2026-05-24T03:28:02.600629Z,Couteau,7ff6564c-1bf3-4cd8-9524-6b3f317bfddc,RECRUIT,12.07,3.25,0.0,0.0,0.0,0.0,0.0,13.0,2026-05-12T01:53:34.372000Z
2026-05-24T03:28:02.600629Z,King_Yakub,af282649-d15b-4c48-b34b-b38cb1d14ee6,CAPTAIN,0.77,99.08,28.0,30.0,0.0,42.0,87.0,172.0,2026-05-23T08:55:06.793000Z
2026-05-24T03:28:02.600629Z,_Jus10__,d6f07d27-4e13-4fbe-81cc-d78668947a01,RECRUITER,22.91,7.42,0.0,0.0,1.0,0.0,1.0,16.0,2026-05-01T05:31:10.410000Z
2026-05-24T03:28:02.600629Z,CAD_Bear,14b53155-e17d-4f64-89e7-e01fd6304ed0,RECRUITER,22.92,0.75,0.0,0.0,0.0,0.0,1.0,2.0,2026-05-01T05:19:21.168000Z
2026-05-24T03:28:02.600629Z,RealArmis,b11af6d5-9c3f-4658-a737-10b3d7263c01,RECRUIT,36.1,0.0,0.0,0.0,0.0,0.0,0.0,0.0,2026-04-11T01:23:55.471000Z
2026-05-24T03:28:02.600629Z,omuy,2d7269be-e432-4f18-93d6-731590ff8b46,RECRUITER,2.81,4.66,0.0,0.0,0.0,3.0,22.0,35.0,2026-05-21T07:56:17.415000Z
2026-05-24T03:28:02.600629Z,RedCRAFT08,5224ea7c-a76f-4bf5-83c1-9ccacc9b6556,RECRUIT,17.56,0.0,0.0,0.0,0.0,0.0,0.0,0.0,2026-03-18T13:28:44.514000Z
2026-05-24T03:28:02.600629Z,koaladaisy,c1affd38-af09-411c-beee-ded6d011bff9,RECRUIT,0.0,68.58,0.0,5.0,0.0,263.0,14.0,84.0,2026-04-12T02:57:16.749000Z
2026-05-24T03:28:02.600629Z,8uc,965305d9-0016-4d1f-8919-e1cfe28ccee2,RECRUIT,1.41,10.09,0.0,0.0,0.0,7.0,2.0,92.0,2026-05-02T22:05:51.024000Z
2026-05-24T03:28:02.600629Z,PixelMinerXD123,e561350f-fc3d-44de-b4f6-e77e42140a08,STRATEGIST,0.32,28.84,0.0,0.0,0.0,0.0,24.0,65.0,2026-04-11T19:15:46.745000Z
2026-05-24T03:28:02.600629Z,reparody,b0228fae-1ec0-4c4f-a39b-31ecde3a8b6e,RECRUIT,40.21,0.0,0.0,0.0,0.0,0.0,0.0,0.0,2026-04-13T22:23:13.665000Z
2026-05-24T03:28:02.600629Z,Gunther_v,d0a98d9d-3e77-4913-9546-3234e75286e8,RECRUIT,20.06,0.0,0.0,0.0,0.0,0.0,0.0,0.0,2026-04-06T01:59:55.559000Z
2026-05-24T03:28:02.600629Z,WaleedF16,bc5abbc6-fac6-453d-a432-e74561d9a867,RECRUIT,28.98,0.0,0.0,0.0,0.0,0.0,0.0,0.0,2026-03-28T03:50:48.781000Z
2026-05-24T03:28:02.600629Z,vSlqm,9fe3d352-8d98-41c0-a3a7-6dadd299efe2,RECRUIT,17.02,0.0,0.0,0.0,0.0,0.0,0.0,0.0,2026-04-17T07:34:11.886000Z
2026-05-24T03:28:02.600629Z,happyguy18,e36e1abc-7682-4b65-a8d1-7222424ee59a,CHIEF,34.87,0.0,0.0,0.0,0.0,0.0,0.0,0.0,2026-04-19T06:35:33.272000Z
2026-05-24T03:28:02.600629Z,Ahmedboss891,37fd00e1-2c81-4651-84b7-663aee0208ba,RECRUITER,1.68,45.17,0.0,0.0,2.0,2.0,36.0,29.0,2026-05-22T11:09:35.737000Z
2026-05-24T03:28:02.600629Z,IcyIce7,c67aa7dc-e2ae-4efd-b5bc-33e2a3109ede,RECRUIT,4.6,0.0,0.0,0.0,0.0,0.0,0.0,0.0,2026-04-29T17:35:16.930000Z
2026-05-24T03:28:02.600629Z,MaanBoys,cc27cb05-4104-4d4d-845d-f34db2105a91,RECRUIT,32.93,0.0,0.0,0.0,0.0,0.0,0.0,0.0,2026-04-14T05:33:27.093000Z
2026-05-24T03:28:02.600629Z,eryhp,8d11e03a-a5c1-4b6b-a17e-95a8b75d18d2,STRATEGIST,11.88,15.16,0.0,5.0,0.0,4.0,42.0,49.0,2026-05-12T06:19:08.670000Z
2026-05-24T03:28:02.600629Z,Slickx_,9a6574f6-1261-494e-9c16-340f625dce51,RECRUIT,8.67,1.33,0.0,0.0,0.0,1.0,0.0,6.0,2026-05-15T11:17:40.379000Z
2026-05-24T03:28:02.600629Z,Skenzerite,d06bcad3-3e2f-4797-b9b7-71a1540ce273,RECRUITER,3.05,46.58,0.0,7.0,0.0,8.0,87.0,256.0,2026-05-21T02:16:33.324000Z
2026-05-24T03:28:02.600629Z,Kolbibi,ddf799fb-81ff-4d4e-b149-f13774647305,RECRUITER,0.79,18.66,0.0,9.0,0.0,10.0,16.0,27.0,2026-05-23T08:28:00.625000Z
2026-05-24T03:28:02.600629Z,Eiriee,86e22b4a-6ce1-4ccb-b5ea-2c70cc114ba0,CAPTAIN,0.03,169.5,13.0,166.0,3.0,246.0,222.0,742.0,2026-05-24T02:50:01.198000Z
2026-05-24T03:28:02.600629Z,yoimchloe,841f0809-28e8-4097-9a94-4bb21fd212d1,RECRUITER,0.04,179.83,10.0,138.0,3.0,311.0,64.0,608.0,2026-05-24T02:37:05.973000Z
2026-05-24T03:28:02.600629Z,Shiverscar,58af5c03-0e5f-446e-a03b-985e437fbac3,RECRUITER,0.43,18.5,0.0,0.0,0.0,24.0,20.0,26.0,2026-05-23T17:13:29.359000Z
2026-05-24T03:28:02.600629Z,DIVERDEEPSIX,2a2cd685-644a-4fc0-be65-b3243c6f430b,RECRUITER,0.11,74.91,0.0,19.0,2.0,45.0,13.0,131.0,2026-05-24T00:46:53.546000Z
2026-05-24T03:28:02.600629Z,MikeyA,901e9ecd-0879-4824-85c3-d259f20056e0,RECRUITER,0.33,61.84,1.0,4.0,0.0,19.0,81.0,334.0,2026-05-23T19:35:03.804000Z
2026-05-24T03:28:02.600629Z,Eveniji100,c03040cf-784d-4308-9a0d-a4dd3fda2a36,RECRUIT,0.1,2.92,0.0,0.0,0.0,0.0,10.0,17.0,2026-05-24T01:11:06.523000Z
2026-05-24T03:28:02.600629Z,Meekio,b9f22908-6610-4611-af10-3e7d653b781e,CAPTAIN,0.2,162.59,9.0,122.0,0.0,304.0,2.0,93.0,2026-05-23T22:37:49.294000Z
2026-05-24T03:28:02.600629Z,Mystic757,e295d517-ab78-43af-9e87-1b38581bcbb9,RECRUIT,10.71,12.58,0.0,0.0,0.0,1.0,42.0,80.0,2026-05-13T10:21:57.199000Z
2026-05-24T03:28:02.600629Z,TinyTurtle32011,51df6ec9-cc55-4728-864a-868f14c452a8,RECRUIT,19.14,0.58,0.0,0.0,0.0,0.0,0.0,2.0,2026-05-05T00:01:51.992000Z
2026-05-24T03:28:02.600629Z,Drovyxx,e4324f28-2b97-4714-9826-ffca5cceedd0,RECRUITER,0.62,36.17,13.0,10.0,1.0,47.0,35.0,145.0,2026-05-23T12:31:06.878000Z
2026-05-24T03:28:02.600629Z,Magevast9,77af0c6e-344a-4284-b898-c1b82a76e7d0,RECRUITER,0.23,94.25,27.0,18.0,0.0,55.0,103.0,214.0,2026-05-23T21:53:14.752000Z
2026-05-24T03:28:02.600629Z,SalTev,8c8628e4-0973-48fc-baf5-70e161b91d1d,RECRUIT,0.25,40.91,0.0,16.0,0.0,41.0,132.0,197.0,2026-05-23T21:27:46.955000Z
2026-05-24T03:28:02.600629Z,ectez,9d2f6d3e-f7ef-434c-b4f6-1b0d23897855,RECRUITER,0.03,111.25,1.0,74.0,2.0,103.0,231.0,691.0,2026-05-24T02:39:39.928000Z
2026-05-24T03:28:02.600629Z,Purgerer,18a32ae1-8b6e-4efb-b6e1-726dee1b467d,RECRUIT,0.62,5.58,0.0,0.0,0.0,18.0,14.0,4.0,2026-05-09T12:54:13.740000Z
2026-05-24T03:28:02.600629Z,Cartethphilic,3c2fd3eb-5fdc-4a2b-ab74-86461f6a7063,RECRUITER,0.91,37.25,2.0,37.0,0.0,44.0,93.0,142.0,2026-05-23T05:44:33.427000Z
2026-05-24T03:28:02.600629Z,LuunaChann,553cd6b1-4d6e-4c7c-9641-bf31c2b6cb6e,RECRUITER,11.68,2.58,0.0,0.0,0.0,0.0,0.0,3.0,2026-05-12T11:08:37.290000Z
2026-05-24T03:28:02.600629Z,Abace,d1c6502b-b9ba-4cd7-a6bf-fb3735f43a5d,RECRUIT,8.5,3.91,0.0,0.0,0.0,4.0,0.0,8.0,2026-05-15T15:23:26.736000Z
2026-05-24T03:28:02.600629Z,Gabolique2,d2e88c6a-69cd-49fe-a389-172017eebb01,RECRUIT,0.07,7.58,0.0,3.0,0.0,5.0,24.0,55.0,2026-05-24T01:46:19.710000Z
2026-05-24T03:28:02.600629Z,Munratep,3e636fbc-befa-46dd-b854-7095e9b10a24,RECRUIT,3.08,3.08,0.0,0.0,0.0,2.0,26.0,14.0,2026-05-21T01:27:32.609000Z
2026-05-24T03:28:02.600629Z,Chapperdom,e52cf9c4-06ca-4e9c-a80e-a2bcc9c04315,RECRUIT,0.11,25.09,0.0,2.0,0.0,3.0,0.0,414.0,2026-05-24T00:52:19.885000Z
2026-05-24T03:28:02.600629Z,tewqt,2d4593a7-0354-4c40-a952-561573c5c574,RECRUITER,0.03,66.84,0.0,13.0,0.0,18.0,450.0,37.0,2026-05-24T02:47:31.883000Z
2026-05-24T03:28:02.600629Z,_Saddest,3f0f27aa-67bb-475d-b6a8-c7dc5ed3395f,RECRUIT,5.04,1.67,0.0,2.0,0.0,2.0,0.0,1.0,2026-05-19T02:25:00.725000Z
2026-05-24T03:28:02.600629Z,Szkraft220,a8fed6f5-e05e-407d-be10-9f742c3853e5,RECRUIT,7.45,1.17,0.0,0.0,0.0,0.0,0.0,1.0,2026-05-16T16:46:26.854000Z
2026-05-24T03:28:02.600629Z,Matthis2500,3dd2896a-3076-40e6-9891-ee72e948d2d1,RECRUITER,0.13,56.42,0.0,42.0,0.0,49.0,33.0,84.0,2026-05-24T00:26:53.157000Z
2026-05-24T03:28:02.600629Z,bludiamond5,3e3d018b-142d-499d-847b-dcf6f2be7951,RECRUIT,0.98,12.92,0.0,0.0,0.0,2.0,29.0,26.0,2026-05-23T03:58:40.326000Z
2026-05-24T03:28:02.600629Z,celxste,70336328-0de7-430e-8cba-2779e2a05ab5,RECRUITER,0.0,119.0,0.0,105.0,1.0,184.0,54.0,220.0,2026-05-24T03:22:42.956000Z
2026-05-24T03:28:02.600629Z,SODABABY,802ef35f-f0f3-4e86-b795-6aa6707ed978,RECRUITER,0.48,5.16,1.0,0.0,0.0,3.0,0.0,0.0,2026-05-23T16:01:17.728000Z
2026-05-24T03:28:02.600629Z,Maplemocha,d1147585-f4a8-480e-883f-ec0b39fceeaa,RECRUIT,0.0,16.0,0.0,22.0,0.0,31.0,31.0,20.0,2026-05-24T03:25:12.314000Z
